"protein","ism_activator_ratio","ism_repressor_ratio","isa_activator_ratio","isa_repressor_ratio","ism_defined","isa_defined"
"ALX4",0.206349206349206,0.19047619047619,0.53968253968254,0.412698412698413,"unknown","activator"
"ARID3B",0.149532710280374,0.252336448598131,0.261682242990654,0.663551401869159,"unknown","repressor"
"ARID5A",0.141176470588235,0.211764705882353,0.458823529411765,0.4,"unknown","unknown"
"ASCL2",0.271334792122538,0.177242888402626,0.437636761487965,0.477024070021882,"unknown","unknown"
"ATF2",0.137184115523466,0.15884476534296,0.682310469314079,0.292418772563177,"unknown","activator"
"ATF3",0.185761957730812,0.200222469410456,0.838709677419355,0.152391546162403,"unknown","activator"
"ATF4",0.134453781512605,0.19327731092437,0.831932773109244,0.151260504201681,"unknown","activator"
"ATF6",0.20979020979021,0.0979020979020979,0.839160839160839,0.153846153846154,"unknown","activator"
"ATF7",0.198618307426598,0.224525043177893,0.856649395509499,0.139896373056995,"unknown","activator"
"BACH1",0.162162162162162,0.189189189189189,0.702702702702703,0.283783783783784,"unknown","activator"
"BACH1::MAFK",0.204968944099379,0.180124223602484,0.745341614906832,0.220496894409938,"unknown","activator"
"BACH2",0.171122994652406,0.171122994652406,0.74331550802139,0.229946524064171,"unknown","activator"
"BATF3",0.261682242990654,0.168224299065421,0.663551401869159,0.299065420560748,"unknown","activator"
"BCL6",0.154411764705882,0.125,0.639705882352941,0.301470588235294,"unknown","activator"
"BCL6B",0.222222222222222,0.155555555555556,0.666666666666667,0.244444444444444,"unknown","activator"
"BHLHA15",0.178743961352657,0.183574879227053,0.347826086956522,0.536231884057971,"unknown","repressor"
"BHLHE40",0.299065420560748,0.192523364485981,0.848598130841121,0.145794392523364,"unknown","activator"
"CEBPB",0.166666666666667,0.416666666666667,0.833333333333333,0.166666666666667,"unknown","activator"
"CEBPD",0.134328358208955,0.134328358208955,0.537313432835821,0.388059701492537,"unknown","activator"
"CEBPG",0.132352941176471,0.176470588235294,0.713235294117647,0.25,"unknown","activator"
"CLOCK",0.157303370786517,0.280898876404494,0.617977528089888,0.359550561797753,"unknown","activator"
"CREB1",0.106598984771574,0.142131979695431,0.629441624365482,0.32994923857868,"unknown","activator"
"CREB3",0.175324675324675,0.116883116883117,0.844155844155844,0.149350649350649,"unknown","activator"
"CREB3L1",0.215277777777778,0.0972222222222222,0.791666666666667,0.194444444444444,"unknown","activator"
"CREB3L2",0.104166666666667,0.1875,0.75,0.208333333333333,"unknown","activator"
"CREB3L4",0.184339314845024,0.174551386623165,0.851549755301794,0.143556280587276,"unknown","activator"
"CREB5",0.152719665271967,0.211297071129707,0.841004184100418,0.154811715481172,"unknown","activator"
"CREM",0.176339285714286,0.127232142857143,0.84375,0.149553571428571,"unknown","activator"
"CTCF",0.162081784386617,0.1182156133829,0.532342007434944,0.455018587360595,"unknown","activator"
"CTCFL",0.191760666993624,0.15203531142717,0.558607160372732,0.431584109857773,"unknown","activator"
"CUX1",0.25,0.0833333333333333,0.5,0,"unknown","unknown"
"DBP",0.2,0.133333333333333,0.733333333333333,0.155555555555556,"unknown","activator"
"DLX2",0.186046511627907,0.209302325581395,0.348837209302326,0.581395348837209,"unknown","repressor"
"DMBX1",0.105263157894737,0.192982456140351,0.421052631578947,0.491228070175439,"unknown","unknown"
"E2F1",0.165289256198347,0.132231404958678,0.735537190082645,0.231404958677686,"unknown","activator"
"E2F2",0.157303370786517,0.112359550561798,0.775280898876405,0.168539325842697,"unknown","activator"
"E2F3",0.21,0.12,0.74,0.24,"unknown","activator"
"E2F4",0.139784946236559,0.139784946236559,0.774193548387097,0.21505376344086,"unknown","activator"
"E2F6",0.14854517611026,0.153139356814701,0.677641653905054,0.310872894333844,"unknown","activator"
"E2F7",0.177514792899408,0.218934911242604,0.710059171597633,0.248520710059172,"unknown","activator"
"E2F8",0.15609756097561,0.195121951219512,0.697560975609756,0.292682926829268,"unknown","activator"
"EGR1",0.211538461538462,0.172511312217195,0.631504524886878,0.360011312217195,"unknown","activator"
"ELF1",0.194926568758344,0.180240320427236,0.835781041388518,0.142857142857143,"unknown","activator"
"ELF2",0.157996146435453,0.15606936416185,0.936416184971098,0.0597302504816956,"unknown","activator"
"ELF4",0.165573770491803,0.162295081967213,0.937704918032787,0.0573770491803279,"unknown","activator"
"ELK1",0.259259259259259,0.228607918263091,0.947637292464879,0.0485312899106003,"unknown","activator"
"ELK1::SREBF2",0.1280353200883,0.134657836644592,0.944812362030905,0.0551876379690949,"unknown","activator"
"ELK3",0.22029702970297,0.185643564356436,0.946782178217822,0.0495049504950495,"unknown","activator"
"ELK4",0.21492295214923,0.186536901865369,0.948094079480941,0.0454176804541768,"unknown","activator"
"ERF",0.27212020033389,0.2220367278798,0.946577629382304,0.0534223706176962,"unknown","activator"
"ERF::SREBF2",0.180232558139535,0.174418604651163,0.854651162790698,0.13953488372093,"unknown","activator"
"ESR2",0.148550724637681,0.134057971014493,0.532608695652174,0.391304347826087,"unknown","activator"
"ESRRA",0.101941747572816,0.111650485436893,0.567961165048544,0.378640776699029,"unknown","activator"
"ESRRB",0.161764705882353,0.125,0.544117647058823,0.345588235294118,"unknown","activator"
"ETS1",0.254854368932039,0.233009708737864,0.951456310679612,0.0485436893203883,"unknown","activator"
"ETS2",0.252252252252252,0.216216216216216,0.95045045045045,0.0472972972972973,"unknown","activator"
"ETV1",0.203915171288744,0.179445350734095,0.838499184339315,0.146818923327896,"unknown","activator"
"ETV2",0.2,0.185185185185185,0.951851851851852,0.0481481481481481,"unknown","activator"
"ETV3",0.27027027027027,0.221283783783784,0.949324324324324,0.0506756756756757,"unknown","activator"
"ETV4",0.263888888888889,0.233024691358025,0.947530864197531,0.0509259259259259,"unknown","activator"
"ETV5",0.268867924528302,0.231132075471698,0.94811320754717,0.050314465408805,"unknown","activator"
"ETV6",0.255813953488372,0.225718194254446,0.946648426812586,0.0519835841313269,"unknown","activator"
"FEV",0.177700348432056,0.14808362369338,0.945993031358885,0.0487804878048781,"unknown","activator"
"FOS",0.195774647887324,0.207042253521127,0.838028169014085,0.146478873239437,"unknown","activator"
"FOS::JUN",0.174013921113689,0.169373549883991,0.784222737819026,0.204176334106729,"unknown","activator"
"FOS::JUNB",0.178861788617886,0.195121951219512,0.829268292682927,0.146341463414634,"unknown","activator"
"FOS::JUND",0.15527950310559,0.130434782608696,0.745341614906832,0.204968944099379,"unknown","activator"
"FOSB::JUN",0.194690265486726,0.236725663716814,0.831858407079646,0.161504424778761,"unknown","activator"
"FOSB::JUNB",0.265923566878981,0.280254777070064,0.834394904458599,0.157643312101911,"unknown","activator"
"FOSL1",0.18796992481203,0.12781954887218,0.796992481203007,0.165413533834586,"unknown","activator"
"FOSL1::JUN",0.239457831325301,0.248493975903614,0.83433734939759,0.150602409638554,"unknown","activator"
"FOSL1::JUNB",0.196969696969697,0.136363636363636,0.742424242424242,0.204545454545455,"unknown","activator"
"FOSL1::JUND",0.266666666666667,0.27906976744186,0.835658914728682,0.153488372093023,"unknown","activator"
"FOSL2",0.211155378486056,0.183266932270916,0.776892430278884,0.187250996015936,"unknown","activator"
"FOSL2::JUN",0.202549575070822,0.218130311614731,0.822946175637394,0.161473087818697,"unknown","activator"
"FOSL2::JUNB",0.188405797101449,0.210144927536232,0.828985507246377,0.163768115942029,"unknown","activator"
"FOSL2::JUND",0.187766714082504,0.180654338549075,0.847795163584637,0.145092460881935,"unknown","activator"
"FOXA1",0.193548387096774,0.193548387096774,0.559139784946237,0.333333333333333,"unknown","activator"
"FOXA3",0.147286821705426,0.201550387596899,0.558139534883721,0.387596899224806,"unknown","activator"
"FOXH1",0.16,0.253333333333333,0.466666666666667,0.44,"unknown","unknown"
"FOXJ2::ELF1",0.19047619047619,0.181547619047619,0.80952380952381,0.145833333333333,"unknown","activator"
"FOXJ3",0.144,0.156,0.536,0.424,"unknown","activator"
"FOXK1",0.175757575757576,0.133333333333333,0.587878787878788,0.351515151515152,"unknown","activator"
"FOXK2",0.135483870967742,0.2,0.554838709677419,0.380645161290323,"unknown","activator"
"FOXL2",0.19047619047619,0.142857142857143,0.583333333333333,0.31547619047619,"unknown","activator"
"FOXO3",0.117647058823529,0.163398692810458,0.588235294117647,0.34640522875817,"unknown","activator"
"FOXP1",0.188405797101449,0.181159420289855,0.557971014492754,0.384057971014493,"unknown","activator"
"GABPA",0.202623906705539,0.169096209912536,0.838192419825073,0.142857142857143,"unknown","activator"
"GATA1",0.222222222222222,0.222222222222222,0.380952380952381,0.444444444444444,"unknown","unknown"
"GATA1::TAL1",0.164705882352941,0.123529411764706,0.441176470588235,0.505882352941176,"unknown","repressor"
"GATA2",0.151260504201681,0.210084033613445,0.361344537815126,0.504201680672269,"unknown","repressor"
"GFI1B",0.213592233009709,0.145631067961165,0.412621359223301,0.495145631067961,"unknown","unknown"
"GLI1",0.191823899371069,0.188679245283019,0.437106918238994,0.459119496855346,"unknown","unknown"
"GLIS2",0.17056856187291,0.193979933110368,0.505016722408027,0.474916387959866,"unknown","activator"
"GMEB1",0.161290322580645,0.225806451612903,0.838709677419355,0.129032258064516,"unknown","activator"
"GRHL1",0.108910891089109,0.138613861386139,0.584158415841584,0.306930693069307,"unknown","activator"
"HAND2",0.19,0.2,0.39,0.5,"unknown","unknown"
"HES1",0.21875,0.258928571428571,0.633928571428571,0.352678571428571,"unknown","activator"
"HES6",0.184782608695652,0.304347826086957,0.576086956521739,0.369565217391304,"unknown","activator"
"HES7",0.191489361702128,0.117021276595745,0.526595744680851,0.430851063829787,"unknown","activator"
"HEY1",0.296610169491525,0.296610169491525,0.567796610169492,0.38135593220339,"unknown","activator"
"HIC1",0.16,0.14,0.24,0.62,"unknown","repressor"
"HIC2",0.162921348314607,0.157303370786517,0.224719101123595,0.702247191011236,"unknown","repressor"
"HIF1A",0.277310924369748,0.243697478991597,0.663865546218487,0.319327731092437,"unknown","activator"
"HINFP",0.157894736842105,0.181578947368421,0.684210526315789,0.307894736842105,"unknown","activator"
"HMBOX1",0.25,0.28125,0.625,0.28125,"unknown","activator"
"HMX3",0.172413793103448,0.160919540229885,0.436781609195402,0.459770114942529,"unknown","unknown"
"HOXB2::ELK1",0.24390243902439,0.164634146341463,0.902439024390244,0.0792682926829268,"unknown","activator"
"HOXB3",0.232558139534884,0.209302325581395,0.325581395348837,0.488372093023256,"unknown","unknown"
"HOXB7",0.153846153846154,0.115384615384615,0.538461538461538,0.192307692307692,"unknown","activator"
"HOXB9",0.181818181818182,0.272727272727273,0.545454545454545,0.272727272727273,"unknown","activator"
"HOXC9",0.173913043478261,0.260869565217391,0.521739130434783,0.304347826086957,"unknown","activator"
"HSF1",0.117241379310345,0.117241379310345,0.606896551724138,0.317241379310345,"unknown","activator"
"HSF2",0.0783132530120482,0.144578313253012,0.578313253012048,0.355421686746988,"unknown","activator"
"HSF4",0.108974358974359,0.108974358974359,0.608974358974359,0.33974358974359,"unknown","activator"
"IKZF1",0.171284634760705,0.120906801007557,0.753148614609572,0.178841309823678,"unknown","activator"
"IRF1",0.168704156479218,0.139364303178484,0.650366748166259,0.251833740831296,"unknown","activator"
"IRF2",0.16412213740458,0.141221374045802,0.786259541984733,0.156488549618321,"unknown","activator"
"IRF3",0.123515439429929,0.140142517814727,0.783847980997625,0.182897862232779,"unknown","activator"
"IRF7",0.178571428571429,0.173469387755102,0.76530612244898,0.173469387755102,"unknown","activator"
"IRF9",0.170854271356784,0.185929648241206,0.723618090452261,0.226130653266332,"unknown","activator"
"JDP2",0.16236722306525,0.200303490136571,0.839150227617602,0.159332321699545,"unknown","activator"
"JUN",0.176848874598071,0.135048231511254,0.723472668810289,0.234726688102894,"unknown","activator"
"JUN::JUNB",0.168439716312057,0.223404255319149,0.813829787234043,0.177304964539007,"unknown","activator"
"JUNB",0.143801652892562,0.203305785123967,0.818181818181818,0.173553719008264,"unknown","activator"
"JUND",0.164179104477612,0.170149253731343,0.755223880597015,0.214925373134328,"unknown","activator"
"KLF1",0.202439570277529,0.163160250671441,0.67300805729633,0.319606087735004,"unknown","activator"
"KLF10",0.203080903104421,0.163217309501411,0.670155221072437,0.322906867356538,"unknown","activator"
"KLF11",0.237047756874096,0.185817655571635,0.69232995658466,0.298986975397974,"unknown","activator"
"KLF13",0.184568835098336,0.148260211800303,0.698940998487141,0.284417549167927,"unknown","activator"
"KLF15",0.232677293428757,0.189573845152895,0.688760572543917,0.303919973975277,"unknown","activator"
"KLF16",0.236765957446809,0.186723404255319,0.673191489361702,0.32,"unknown","activator"
"KLF3",0.230221518987342,0.188291139240506,0.664556962025316,0.323575949367089,"unknown","activator"
"KLF6",0.239498894620486,0.192336035372144,0.6551215917465,0.329403095062638,"unknown","activator"
"KLF9",0.136071428571429,0.129285714285714,0.560714285714286,0.393928571428571,"unknown","activator"
"LBX2",0.340909090909091,0.159090909090909,0.590909090909091,0.363636363636364,"unknown","activator"
"LEF1",0.160919540229885,0.160919540229885,0.597701149425287,0.32183908045977,"unknown","activator"
"LHX6",0.181818181818182,0.212121212121212,0.272727272727273,0.545454545454545,"unknown","repressor"
"LIN54",0.12396694214876,0.173553719008264,0.347107438016529,0.56198347107438,"unknown","repressor"
"MAFF",0.0956521739130435,0.0956521739130435,0.417391304347826,0.504347826086956,"unknown","repressor"
"MAFG",0.192567567567568,0.182432432432432,0.712837837837838,0.266891891891892,"unknown","activator"
"MAFG::NFE2L1",0.232558139534884,0.135658914728682,0.790697674418605,0.174418604651163,"unknown","activator"
"MAFK",0.204968944099379,0.167701863354037,0.704968944099379,0.260869565217391,"unknown","activator"
"MAX",0.180555555555556,0.291666666666667,0.680555555555556,0.3125,"unknown","activator"
"MAX::MYC",0.221674876847291,0.226600985221675,0.650246305418719,0.32512315270936,"unknown","activator"
"MAZ",0.212865002115954,0.176258992805755,0.528988573846805,0.448370715192552,"unknown","activator"
"MECOM",0.121212121212121,0.141414141414141,0.434343434343434,0.454545454545455,"unknown","unknown"
"MEF2A",0.127882599580713,0.132075471698113,0.358490566037736,0.545073375262054,"unknown","repressor"
"MEF2C",0.112903225806452,0.158986175115207,0.387096774193548,0.490783410138249,"unknown","unknown"
"MEF2D",0.135220125786164,0.138364779874214,0.311320754716981,0.569182389937107,"unknown","repressor"
"MEIS1",0.132530120481928,0.072289156626506,0.301204819277108,0.614457831325301,"unknown","repressor"
"MEIS2",0.139784946236559,0.161290322580645,0.258064516129032,0.602150537634409,"unknown","repressor"
"MITF",0.204347826086957,0.121739130434783,0.891304347826087,0.1,"unknown","activator"
"MLX",0.276807980049875,0.239401496259352,0.872817955112219,0.127182044887781,"unknown","activator"
"MLXIPL",0.295454545454545,0.227272727272727,0.875,0.125,"unknown","activator"
"MNT",0.184397163120567,0.297872340425532,0.602836879432624,0.368794326241135,"unknown","activator"
"MSANTD3",0.208530805687204,0.279620853080569,0.530805687203792,0.412322274881517,"unknown","activator"
"MTF1",0.165137614678899,0.155963302752294,0.559633027522936,0.385321100917431,"unknown","activator"
"MXI1",0.184873949579832,0.243697478991597,0.453781512605042,0.46218487394958,"unknown","unknown"
"MYB",0.242647058823529,0.25,0.566176470588235,0.367647058823529,"unknown","activator"
"MYBL2",0.142857142857143,0.0571428571428571,0.914285714285714,0.0857142857142857,"unknown","activator"
"MYC",0.194117647058824,0.188235294117647,0.667647058823529,0.314705882352941,"unknown","activator"
"MZF1",0.128491620111732,0.11731843575419,0.407821229050279,0.497206703910615,"unknown","unknown"
"NFAT5",0.119047619047619,0.0892857142857143,0.410714285714286,0.452380952380952,"unknown","unknown"
"NFATC1",0.12,0.125714285714286,0.445714285714286,0.428571428571429,"unknown","unknown"
"NFATC2",0.174757281553398,0.0922330097087379,0.490291262135922,0.436893203883495,"unknown","unknown"
"NFATC3",0.128205128205128,0.102564102564103,0.376068376068376,0.452991452991453,"unknown","unknown"
"NFATC4",0.202898550724638,0.181159420289855,0.521739130434783,0.333333333333333,"unknown","activator"
"NFE2",0.256410256410256,0.239316239316239,0.82051282051282,0.162393162393162,"unknown","activator"
"NFE2L2",0.212686567164179,0.149253731343284,0.764925373134328,0.201492537313433,"unknown","activator"
"NFIA",0.25974025974026,0.194805194805195,0.324675324675325,0.597402597402597,"unknown","repressor"
"NFIB",0.0886075949367089,0.146835443037975,0.531645569620253,0.437974683544304,"unknown","activator"
"NFIC",0.212707182320442,0.151933701657459,0.5,0.439226519337017,"unknown","unknown"
"NFIL3",0.1,0.08,0.44,0.44,"unknown","unknown"
"NFIX",0.171140939597315,0.157718120805369,0.51006711409396,0.463087248322148,"unknown","activator"
"NFKB1",0.138613861386139,0.0858085808580858,0.386138613861386,0.564356435643564,"unknown","repressor"
"NFKB2",0.162011173184358,0.131284916201117,0.349162011173184,0.600558659217877,"unknown","repressor"
"NFYA",0.269430051813472,0.196891191709845,0.821761658031088,0.166839378238342,"unknown","activator"
"NFYB",0.208173690932312,0.145593869731801,0.827586206896552,0.164750957854406,"unknown","activator"
"NFYC",0.265328874024526,0.190635451505017,0.833890746934225,0.153846153846154,"unknown","activator"
"NR1D1",0.146496815286624,0.165605095541401,0.515923566878981,0.426751592356688,"unknown","activator"
"NR1D2",0.174311926605505,0.146788990825688,0.559633027522936,0.357798165137615,"unknown","activator"
"NR1H2",0.152631578947368,0.184210526315789,0.552631578947368,0.352631578947368,"unknown","activator"
"NR1H2::RXRA",0.0789473684210526,0.210526315789474,0.75,0.223684210526316,"unknown","activator"
"NR1H3::RXRA",0.136612021857924,0.147540983606557,0.475409836065574,0.371584699453552,"unknown","unknown"
"NR2C1",0.165775401069519,0.128342245989305,0.588235294117647,0.352941176470588,"unknown","activator"
"NR2C2",0.141993957703928,0.16012084592145,0.613293051359517,0.358006042296073,"unknown","activator"
"NR2F2",0.161073825503356,0.181208053691275,0.610738255033557,0.308724832214765,"unknown","activator"
"NR2F6",0.114942528735632,0.200328407224959,0.54679802955665,0.371100164203612,"unknown","activator"
"NR3C1",0.0298507462686567,0.223880597014925,0.462686567164179,0.477611940298507,"unknown","unknown"
"NR4A1",0.189873417721519,0.158227848101266,0.632911392405063,0.253164556962025,"unknown","activator"
"NR4A2",0.266666666666667,0.2,0.558333333333333,0.341666666666667,"unknown","activator"
"NR4A2::RXRA",0.0970873786407767,0.203883495145631,0.495145631067961,0.446601941747573,"unknown","unknown"
"NR6A1",0.124183006535948,0.196078431372549,0.647058823529412,0.320261437908497,"unknown","activator"
"NRF1",0.189429763560501,0.168011126564673,0.863143254520167,0.134909596662031,"unknown","activator"
"NRL",0.156626506024096,0.168674698795181,0.493975903614458,0.433734939759036,"unknown","unknown"
"ONECUT2",0.1,0.1,0.8,0.2,"unknown","activator"
"OSR2",0.142292490118577,0.134387351778656,0.569169960474308,0.351778656126482,"unknown","activator"
"PATZ1",0.188293265641332,0.154546812005376,0.633193967448111,0.355980289681947,"unknown","activator"
"PAX6",0.217391304347826,0.217391304347826,0.521739130434783,0.41304347826087,"unknown","activator"
"PAX9",0.0967741935483871,0.17741935483871,0.741935483870968,0.241935483870968,"unknown","activator"
"PBX2",0.130952380952381,0.142857142857143,0.345238095238095,0.535714285714286,"unknown","repressor"
"PBX3",0.206030150753769,0.183417085427136,0.552763819095477,0.417085427135678,"unknown","activator"
"PKNOX1",0.161290322580645,0.158064516129032,0.525806451612903,0.429032258064516,"unknown","activator"
"PLAG1",0.169195751138088,0.203338391502276,0.521244309559939,0.455235204855842,"unknown","activator"
"PLAGL1",0.148247978436658,0.119946091644205,0.454177897574124,0.505390835579515,"unknown","repressor"
"PLAGL2",0.202312138728324,0.260115606936416,0.326589595375723,0.615606936416185,"unknown","repressor"
"POU2F1",0.12568306010929,0.169398907103825,0.426229508196721,0.530054644808743,"unknown","repressor"
"POU4F1",0.127272727272727,0.187878787878788,0.296969696969697,0.612121212121212,"unknown","repressor"
"POU5F1",0.197530864197531,0.164609053497942,0.366255144032922,0.547325102880658,"unknown","repressor"
"POU6F1",0.217391304347826,0.253623188405797,0.369565217391304,0.536231884057971,"unknown","repressor"
"POU6F2",0.274509803921569,0.215686274509804,0.392156862745098,0.470588235294118,"unknown","unknown"
"PPARA::RXRA",0.152631578947368,0.152631578947368,0.668421052631579,0.305263157894737,"unknown","activator"
"PPARD",0.092,0.156,0.696,0.28,"unknown","activator"
"PRDM15",0.11231884057971,0.16304347826087,0.507246376811594,0.438405797101449,"unknown","activator"
"PRDM4",0.142011834319527,0.124260355029586,0.662721893491124,0.284023668639053,"unknown","activator"
"RARA",0.142857142857143,0.170068027210884,0.527210884353742,0.404761904761905,"unknown","activator"
"RARA::RXRA",0.137055837563452,0.177664974619289,0.512690355329949,0.401015228426396,"unknown","activator"
"RARG",0.132762312633833,0.139186295503212,0.501070663811563,0.404710920770878,"unknown","activator"
"RBPJ",0.231660231660232,0.243243243243243,0.474903474903475,0.467181467181467,"unknown","unknown"
"REL",0.190938511326861,0.271844660194175,0.466019417475728,0.469255663430421,"unknown","unknown"
"RELA",0.186619718309859,0.274647887323944,0.485915492957746,0.426056338028169,"unknown","unknown"
"REST",0.0754716981132075,0.150943396226415,0.490566037735849,0.462264150943396,"unknown","unknown"
"RFX1",0.140909090909091,0.122727272727273,0.624242424242424,0.356060606060606,"unknown","activator"
"RFX2",0.128358208955224,0.117910447761194,0.634328358208955,0.350746268656716,"unknown","activator"
"RFX3",0.139296187683284,0.127565982404692,0.618768328445748,0.363636363636364,"unknown","activator"
"RFX5",0.144300144300144,0.126984126984127,0.616161616161616,0.365079365079365,"unknown","activator"
"RFX7",0.171428571428571,0.257142857142857,0.742857142857143,0.2,"unknown","activator"
"RREB1",0.16944345976604,0.149946827366182,0.536689117334279,0.434597660404112,"unknown","activator"
"RUNX1",0.194312796208531,0.194312796208531,0.535545023696682,0.374407582938389,"unknown","activator"
"RXRA",0.104,0.244,0.712,0.24,"unknown","activator"
"RXRA::VDR",0.0980392156862745,0.0980392156862745,0.470588235294118,0.431372549019608,"unknown","unknown"
"RXRB",0.12280701754386,0.197994987468672,0.674185463659148,0.283208020050125,"unknown","activator"
"SIX4",0.198630136986301,0.171232876712329,0.5,0.417808219178082,"unknown","unknown"
"SMAD2",0.234848484848485,0.265151515151515,0.401515151515151,0.515151515151515,"unknown","repressor"
"SMAD3",0.151515151515152,0.272727272727273,0.363636363636364,0.575757575757576,"unknown","repressor"
"SMAD5",0.28125,0.25,0.5,0.46875,"unknown","unknown"
"SNAI1",0.205521472392638,0.291411042944785,0.334355828220859,0.610429447852761,"unknown","repressor"
"SNAI3",0.183823529411765,0.301470588235294,0.227941176470588,0.691176470588235,"unknown","repressor"
"SOHLH2",0.2578125,0.28125,0.625,0.359375,"unknown","activator"
"SOX12",0.142857142857143,0.2,0.571428571428571,0.4,"unknown","activator"
"SOX5",0.127450980392157,0.137254901960784,0.558823529411765,0.343137254901961,"unknown","activator"
"SOX6",0.201117318435754,0.223463687150838,0.46927374301676,0.458100558659218,"unknown","unknown"
"SP1",0.199891598915989,0.16520325203252,0.688346883468835,0.304932249322493,"unknown","activator"
"SP2",0.20282441899255,0.160013343711776,0.673301456688536,0.318914711442233,"unknown","activator"
"SP3",0.167856489108548,0.133992311916529,0.70895112575508,0.282628592348526,"unknown","activator"
"SP4",0.199891598915989,0.16520325203252,0.688346883468835,0.304932249322493,"unknown","activator"
"SP5",0.240315638450502,0.224294595887135,0.535389765662363,0.438546150167384,"unknown","activator"
"SPI1",0.177100494233937,0.150741350906096,0.712520593080725,0.253706754530478,"unknown","activator"
"SREBF1",0.200385356454721,0.192678227360308,0.499036608863198,0.445086705202312,"unknown","unknown"
"SREBF2",0.230603448275862,0.174568965517241,0.730603448275862,0.230603448275862,"unknown","activator"
"SRF",0.155555555555556,0.188888888888889,0.433333333333333,0.466666666666667,"unknown","unknown"
"STAT1",0.223655913978495,0.16989247311828,0.720430107526882,0.232258064516129,"unknown","activator"
"STAT1::STAT2",0.152641878669276,0.135029354207436,0.73385518590998,0.181996086105675,"unknown","activator"
"STAT2",0.130496453900709,0.136170212765957,0.608510638297872,0.295035460992908,"unknown","activator"
"STAT3",0.238003838771593,0.155470249520154,0.708253358925144,0.247600767754319,"unknown","activator"
"STAT5A",0.18,0.134285714285714,0.602857142857143,0.308571428571429,"unknown","activator"
"STAT5A::STAT5B",0.211302211302211,0.171990171990172,0.675675675675676,0.262899262899263,"unknown","activator"
"STAT5B",0.193023255813953,0.137209302325581,0.702325581395349,0.237209302325581,"unknown","activator"
"STAT6",0.160714285714286,0.138392857142857,0.558035714285714,0.334821428571429,"unknown","activator"
"TAL1::TCF3",0.178947368421053,0.105263157894737,0.4,0.463157894736842,"unknown","unknown"
"TBP",0.158730158730159,0.0714285714285714,0.69047619047619,0.277777777777778,"unknown","activator"
"TBX18",0.133971291866029,0.15311004784689,0.430622009569378,0.473684210526316,"unknown","unknown"
"TBX19",0.123456790123457,0.0987654320987654,0.407407407407407,0.469135802469136,"unknown","unknown"
"TCF12",0.185454545454545,0.186666666666667,0.36969696969697,0.589090909090909,"unknown","repressor"
"TCF3",0.201938610662359,0.176090468497577,0.408723747980614,0.565428109854604,"unknown","repressor"
"TCF4",0.131447587354409,0.13477537437604,0.396006655574043,0.559068219633943,"unknown","repressor"
"TCF7",0.193877551020408,0.255102040816327,0.571428571428571,0.336734693877551,"unknown","activator"
"TCF7L2",0.168918918918919,0.222972972972973,0.635135135135135,0.297297297297297,"unknown","activator"
"TCFL5",0.218468468468468,0.254504504504505,0.68018018018018,0.304054054054054,"unknown","activator"
"TEAD1",0.119760479041916,0.137724550898204,0.479041916167665,0.455089820359281,"unknown","unknown"
"TEAD2",0.101910828025478,0.140127388535032,0.515923566878981,0.407643312101911,"unknown","activator"
"TEAD4",0.158333333333333,0.183333333333333,0.416666666666667,0.508333333333333,"unknown","repressor"
"TEF",0.214285714285714,0.119047619047619,0.714285714285714,0.19047619047619,"unknown","activator"
"TFAP4",0.208333333333333,0.166666666666667,0.208333333333333,0.5,"unknown","unknown"
"TFAP4::ETV1",0.122314049586777,0.137190082644628,0.725619834710744,0.246280991735537,"unknown","activator"
"TFCP2",0.171428571428571,0.285714285714286,0.742857142857143,0.171428571428571,"unknown","activator"
"TFDP1",0.200604838709677,0.213709677419355,0.689516129032258,0.30241935483871,"unknown","activator"
"TFE3",0.3,0.197297297297297,0.886486486486487,0.113513513513514,"unknown","activator"
"TFEB",0.284452296819788,0.220848056537102,0.902826855123675,0.0971731448763251,"unknown","activator"
"TGIF1",0.163461538461538,0.153846153846154,0.365384615384615,0.567307692307692,"unknown","repressor"
"TGIF2",0.106796116504854,0.16504854368932,0.349514563106796,0.563106796116505,"unknown","repressor"
"THAP1",0.154078549848943,0.166163141993958,0.423967774420947,0.535750251762336,"unknown","repressor"
"THAP11",0.248175182481752,0.174371451743715,0.884022708840227,0.104622871046229,"unknown","activator"
"THRA",0.129151291512915,0.0959409594095941,0.59409594095941,0.339483394833948,"unknown","activator"
"THRB",0.0947204968944099,0.158385093167702,0.627329192546584,0.31832298136646,"unknown","activator"
"TP53",0.237113402061856,0.11340206185567,0.835051546391753,0.144329896907216,"unknown","activator"
"TP63",0.238636363636364,0.102272727272727,0.795454545454545,0.136363636363636,"unknown","activator"
"TP73",0.225,0.175,0.925,0.075,"unknown","activator"
"TRPS1",0.191011235955056,0.168539325842697,0.359550561797753,0.550561797752809,"unknown","repressor"
"USF1",0.228260869565217,0.180434782608696,0.858695652173913,0.126086956521739,"unknown","activator"
"USF2",0.204204204204204,0.144144144144144,0.918918918918919,0.0780780780780781,"unknown","activator"
"VDR",0.172839506172839,0.172839506172839,0.45679012345679,0.469135802469136,"unknown","unknown"
"VEZF1",0.20627802690583,0.237668161434978,0.452914798206278,0.502242152466368,"unknown","repressor"
"WT1",0.195882920553233,0.170472820842715,0.583145706014796,0.394982309424252,"unknown","activator"
"XBP1",0.145454545454545,0.154545454545455,0.863636363636364,0.136363636363636,"unknown","activator"
"YY1",0.193181818181818,0.168181818181818,0.836363636363636,0.134090909090909,"unknown","activator"
"YY2",0.161354581673307,0.188247011952191,0.938247011952191,0.0547808764940239,"unknown","activator"
"ZBED1",0.125,0.0833333333333333,0.875,0.125,"unknown","activator"
"ZBTB12",0.192513368983957,0.20855614973262,0.46524064171123,0.438502673796791,"unknown","unknown"
"ZBTB14",0.157474600870827,0.17343976777939,0.667634252539913,0.324383164005806,"unknown","activator"
"ZBTB18",0.1,0.125,0.4,0.50625,"unknown","repressor"
"ZBTB26",0.145228215767635,0.141078838174274,0.564315352697095,0.33195020746888,"unknown","activator"
"ZBTB33",0.19645732689211,0.154589371980676,0.8743961352657,0.120772946859903,"unknown","activator"
"ZBTB6",0.0920770877944325,0.12847965738758,0.464668094218415,0.438972162740899,"unknown","unknown"
"ZBTB7A",0.159717314487633,0.114487632508834,0.920141342756184,0.0720848056537102,"unknown","activator"
"ZBTB7B",0.136094674556213,0.159763313609467,0.591715976331361,0.378698224852071,"unknown","activator"
"ZEB1",0.211034482758621,0.171034482758621,0.428965517241379,0.544827586206897,"unknown","repressor"
"ZFX",0.189708617482951,0.180409175449473,0.624612523248605,0.348109113453193,"unknown","activator"
"ZIC2",0.172794117647059,0.158088235294118,0.448529411764706,0.476102941176471,"unknown","unknown"
"ZIC5",0.133448873483536,0.143847487001733,0.554592720970537,0.431542461005199,"unknown","activator"
"ZKSCAN1",0.180722891566265,0.132530120481928,0.578313253012048,0.313253012048193,"unknown","activator"
"ZKSCAN3",0.13031914893617,0.143617021276596,0.601063829787234,0.353723404255319,"unknown","activator"
"ZKSCAN5",0.18942731277533,0.167400881057269,0.674008810572687,0.296622613803231,"unknown","activator"
"ZNF136",0.123456790123457,0.123456790123457,0.518518518518518,0.358024691358025,"unknown","activator"
"ZNF140",0.133858267716535,0.133858267716535,0.700787401574803,0.259842519685039,"unknown","activator"
"ZNF143",0.158730158730159,0.156084656084656,0.791005291005291,0.19047619047619,"unknown","activator"
"ZNF148",0.184644670050761,0.151649746192893,0.58248730964467,0.399746192893401,"unknown","activator"
"ZNF16",0.122448979591837,0.0748299319727891,0.557823129251701,0.421768707482993,"unknown","activator"
"ZNF189",0.111553784860558,0.111553784860558,0.533864541832669,0.386454183266932,"unknown","activator"
"ZNF211",0.0277777777777778,0.138888888888889,0.444444444444444,0.305555555555556,"unknown","unknown"
"ZNF24",0.123552123552124,0.083011583011583,0.256756756756757,0.662162162162162,"unknown","repressor"
"ZNF257",0.186925434116445,0.14708886618999,0.535240040858018,0.40755873340143,"unknown","activator"
"ZNF263",0.156521739130435,0.158893280632411,0.572332015810277,0.391304347826087,"unknown","activator"
"ZNF274",0.0900900900900901,0.153153153153153,0.495495495495495,0.387387387387387,"unknown","unknown"
"ZNF281",0.183791801510248,0.152777777777778,0.598840345199569,0.381067961165049,"unknown","activator"
"ZNF282",0.19047619047619,0.160714285714286,0.601190476190476,0.351190476190476,"unknown","activator"
"ZNF317",0.138888888888889,0.236111111111111,0.444444444444444,0.430555555555556,"unknown","unknown"
"ZNF320",0.131428571428571,0.113142857142857,0.648761904761905,0.332571428571429,"unknown","activator"
"ZNF324",0.134831460674157,0.0786516853932584,0.539325842696629,0.382022471910112,"unknown","activator"
"ZNF331",0.191780821917808,0.156555772994129,0.50293542074364,0.446183953033268,"unknown","activator"
"ZNF341",0.123348017621145,0.136563876651982,0.594713656387665,0.325991189427313,"unknown","activator"
"ZNF343",0.116525423728814,0.165254237288136,0.741525423728814,0.25,"unknown","activator"
"ZNF354A",0.115479115479115,0.122850122850123,0.520884520884521,0.402948402948403,"unknown","activator"
"ZNF384",0.142913231252454,0.172097892945949,0.475330454129041,0.437377306635257,"unknown","unknown"
"ZNF410",0.138461538461538,0.169230769230769,0.492307692307692,0.338461538461538,"unknown","unknown"
"ZNF416",0.160919540229885,0.224137931034483,0.35632183908046,0.511494252873563,"unknown","repressor"
"ZNF417",0.152610441767068,0.132530120481928,0.654618473895582,0.345381526104418,"unknown","activator"
"ZNF449",0.173441734417344,0.184281842818428,0.544715447154472,0.425474254742547,"unknown","activator"
"ZNF460",0.116102978293791,0.12771327612317,0.524482584553256,0.423018677435639,"unknown","activator"
"ZNF528",0.144262295081967,0.160655737704918,0.59672131147541,0.354098360655738,"unknown","activator"
"ZNF530",0.163064833005894,0.128356254092993,0.602161100196464,0.37426326129666,"unknown","activator"
"ZNF574",0.155589123867069,0.148036253776435,0.681268882175227,0.305135951661631,"unknown","activator"
"ZNF582",0.388888888888889,0,0.666666666666667,0.277777777777778,"unknown","activator"
"ZNF652",0.139072847682119,0.132450331125828,0.56953642384106,0.350993377483444,"unknown","activator"
"ZNF669",0.18716577540107,0.160427807486631,0.518716577540107,0.454545454545455,"unknown","activator"
"ZNF675",0.129277566539924,0.11787072243346,0.585551330798479,0.349809885931559,"unknown","activator"
"ZNF680",0.166666666666667,0.140625,0.447916666666667,0.416666666666667,"unknown","unknown"
"ZNF684",0.139423076923077,0.144230769230769,0.673076923076923,0.298076923076923,"unknown","activator"
"ZNF692",0.217983651226158,0.252043596730245,0.438692098092643,0.513623978201635,"unknown","repressor"
"ZNF701",0.136064374542794,0.144842721287491,0.613752743233358,0.360643745427944,"unknown","activator"
"ZNF707",0.155606407322654,0.137299771167048,0.553775743707094,0.418764302059497,"unknown","activator"
"ZNF708",0.0991501416430595,0.155807365439093,0.614730878186969,0.345609065155807,"unknown","activator"
"ZNF740",0.16894018887723,0.122770199370409,0.479013641133263,0.497376705141658,"unknown","unknown"
"ZNF75D",0.193548387096774,0.129032258064516,0.456221198156682,0.470046082949309,"unknown","unknown"
"ZNF76",0.186018957345972,0.167061611374408,0.838862559241706,0.146919431279621,"unknown","activator"
"ZNF768",0.170846394984326,0.142633228840125,0.545454545454545,0.398119122257053,"unknown","activator"
"ZNF784",0.159420289855072,0.217391304347826,0.710144927536232,0.231884057971014,"unknown","activator"
"ZNF8",0.0967741935483871,0.0967741935483871,0.419354838709677,0.451612903225806,"unknown","unknown"
"ZNF816",0.15009746588694,0.144249512670565,0.522417153996101,0.434697855750487,"unknown","activator"
"ZNF93",0.119497508305648,0.133928571428571,0.711482558139535,0.280107973421927,"unknown","activator"
"ZSCAN29",0.125,0.166666666666667,0.666666666666667,0.277777777777778,"unknown","activator"
"ZSCAN31",0.12396694214876,0.132231404958678,0.586776859504132,0.388429752066116,"unknown","activator"
